PG,PG,SG,SG,SF,SF,PF,PF,C
17730-14507:Kemba Walker,17730-9465:Raymond Felton,17730-40199:Giannis Antetokounmpo,17730-15595:Bradley Beal,17730-15758:Michael Kidd-Gilchrist,17730-59318:Joe Ingles,17730-9874:Kevin Love,17730-9966:James Johnson,17730-9453:Al Horford
17730-14507:Kemba Walker,17730-9465:Raymond Felton,17730-40199:Giannis Antetokounmpo,17730-15595:Bradley Beal,17730-9508:Carmelo Anthony,17730-15758:Michael Kidd-Gilchrist,17730-15405:JaMychal Green,17730-12351:Derrick Favors,17730-9453:Al Horford
17730-14507:Kemba Walker,17730-9465:Raymond Felton,17730-40199:Giannis Antetokounmpo,17730-15595:Bradley Beal,17730-9508:Carmelo Anthony,17730-59318:Joe Ingles,17730-9966:James Johnson,17730-15405:JaMychal Green,17730-9453:Al Horford
17730-14507:Kemba Walker,17730-9465:Raymond Felton,17730-40199:Giannis Antetokounmpo,17730-15595:Bradley Beal,17730-9508:Carmelo Anthony,17730-59318:Joe Ingles,17730-9966:James Johnson,17730-12351:Derrick Favors,17730-9453:Al Horford
17730-14507:Kemba Walker,17730-9465:Raymond Felton,17730-40199:Giannis Antetokounmpo,17730-15595:Bradley Beal,17730-12366:Gordon Hayward,17730-15758:Michael Kidd-Gilchrist,17730-12350:Trevor Booker,17730-15405:JaMychal Green,17730-9453:Al Horford
17730-14507:Kemba Walker,17730-9465:Raymond Felton,17730-40199:Giannis Antetokounmpo,17730-9809:Nicolas Batum,17730-9508:Carmelo Anthony,17730-59318:Joe Ingles,17730-12350:Trevor Booker,17730-15405:JaMychal Green,17730-9453:Al Horford
17730-14507:Kemba Walker,17730-9465:Raymond Felton,17730-40199:Giannis Antetokounmpo,17730-9809:Nicolas Batum,17730-9508:Carmelo Anthony,17730-59318:Joe Ingles,17730-12350:Trevor Booker,17730-12351:Derrick Favors,17730-9453:Al Horford
17730-14507:Kemba Walker,17730-9465:Raymond Felton,17730-40199:Giannis Antetokounmpo,17730-15595:Bradley Beal,17730-15758:Michael Kidd-Gilchrist,17730-59318:Joe Ingles,17730-9874:Kevin Love,17730-9579:Zach Randolph,17730-9453:Al Horford
17730-14507:Kemba Walker,17730-9465:Raymond Felton,17730-40199:Giannis Antetokounmpo,17730-17333:Will Barton,17730-9508:Carmelo Anthony,17730-59318:Joe Ingles,17730-63122:Kristaps Porzingis,17730-15405:JaMychal Green,17730-9453:Al Horford
17730-14507:Kemba Walker,17730-9465:Raymond Felton,17730-40199:Giannis Antetokounmpo,17730-15520:Sean Kilpatrick,17730-9508:Carmelo Anthony,17730-15758:Michael Kidd-Gilchrist,17730-9874:Kevin Love,17730-15405:JaMychal Green,17730-9453:Al Horford
17730-14559:Isaiah Thomas,17730-14507:Kemba Walker,17730-40199:Giannis Antetokounmpo,17730-15595:Bradley Beal,17730-15758:Michael Kidd-Gilchrist,17730-23282:Sam Dekker,17730-15405:JaMychal Green,17730-12351:Derrick Favors,17730-9453:Al Horford
17730-14507:Kemba Walker,17730-9465:Raymond Felton,17730-40199:Giannis Antetokounmpo,17730-15595:Bradley Beal,17730-15758:Michael Kidd-Gilchrist,17730-59318:Joe Ingles,17730-9729:Paul Millsap,17730-12350:Trevor Booker,17730-9453:Al Horford
17730-14507:Kemba Walker,17730-9465:Raymond Felton,17730-40199:Giannis Antetokounmpo,17730-9809:Nicolas Batum,17730-15758:Michael Kidd-Gilchrist,17730-59318:Joe Ingles,17730-9729:Paul Millsap,17730-15405:JaMychal Green,17730-9453:Al Horford
17730-14507:Kemba Walker,17730-9465:Raymond Felton,17730-40199:Giannis Antetokounmpo,17730-15595:Bradley Beal,17730-9508:Carmelo Anthony,17730-59318:Joe Ingles,17730-12350:Trevor Booker,17730-15405:JaMychal Green,17730-9581:Marc Gasol
17730-14507:Kemba Walker,17730-9465:Raymond Felton,17730-40199:Giannis Antetokounmpo,17730-15595:Bradley Beal,17730-9508:Carmelo Anthony,17730-59318:Joe Ingles,17730-9579:Zach Randolph,17730-15405:JaMychal Green,17730-9453:Al Horford
17730-14559:Isaiah Thomas,17730-14507:Kemba Walker,17730-40199:Giannis Antetokounmpo,17730-15595:Bradley Beal,17730-59318:Joe Ingles,17730-23282:Sam Dekker,17730-9966:James Johnson,17730-15405:JaMychal Green,17730-9453:Al Horford
17730-14507:Kemba Walker,17730-9465:Raymond Felton,17730-40199:Giannis Antetokounmpo,17730-15595:Bradley Beal,17730-15758:Michael Kidd-Gilchrist,17730-59318:Joe Ingles,17730-9874:Kevin Love,17730-12350:Trevor Booker,17730-40203:Rudy Gobert
17730-14507:Kemba Walker,17730-9703:George Hill,17730-40199:Giannis Antetokounmpo,17730-15595:Bradley Beal,17730-15758:Michael Kidd-Gilchrist,17730-59318:Joe Ingles,17730-9874:Kevin Love,17730-15405:JaMychal Green,17730-9453:Al Horford
17730-14507:Kemba Walker,17730-9465:Raymond Felton,17730-40199:Giannis Antetokounmpo,17730-9809:Nicolas Batum,17730-15758:Michael Kidd-Gilchrist,17730-59318:Joe Ingles,17730-9874:Kevin Love,17730-15405:JaMychal Green,17730-40203:Rudy Gobert
17730-12332:John Wall,17730-14507:Kemba Walker,17730-40199:Giannis Antetokounmpo,17730-15595:Bradley Beal,17730-15758:Michael Kidd-Gilchrist,17730-59318:Joe Ingles,17730-15405:JaMychal Green,17730-16448:Frank Kaminsky,17730-9453:Al Horford
17730-14507:Kemba Walker,17730-9465:Raymond Felton,17730-40199:Giannis Antetokounmpo,17730-15595:Bradley Beal,17730-9508:Carmelo Anthony,17730-23120:T.J. Warren,17730-12350:Trevor Booker,17730-15405:JaMychal Green,17730-9453:Al Horford
17730-14559:Isaiah Thomas,17730-14507:Kemba Walker,17730-40199:Giannis Antetokounmpo,17730-17333:Will Barton,17730-15758:Michael Kidd-Gilchrist,17730-59318:Joe Ingles,17730-12350:Trevor Booker,17730-15405:JaMychal Green,17730-9453:Al Horford
17730-14507:Kemba Walker,17730-9465:Raymond Felton,17730-40199:Giannis Antetokounmpo,17730-9809:Nicolas Batum,17730-15758:Michael Kidd-Gilchrist,17730-59318:Joe Ingles,17730-9729:Paul Millsap,17730-12351:Derrick Favors,17730-9453:Al Horford
17730-14507:Kemba Walker,17730-9465:Raymond Felton,17730-40199:Giannis Antetokounmpo,17730-15595:Bradley Beal,17730-9508:Carmelo Anthony,17730-59318:Joe Ingles,17730-9579:Zach Randolph,17730-12351:Derrick Favors,17730-9453:Al Horford
17730-14507:Kemba Walker,17730-9465:Raymond Felton,17730-40199:Giannis Antetokounmpo,17730-9809:Nicolas Batum,17730-15758:Michael Kidd-Gilchrist,17730-59318:Joe Ingles,17730-9874:Kevin Love,17730-12351:Derrick Favors,17730-40203:Rudy Gobert
17730-14559:Isaiah Thomas,17730-14507:Kemba Walker,17730-9809:Nicolas Batum,17730-15595:Bradley Beal,17730-9508:Carmelo Anthony,17730-59318:Joe Ingles,17730-12350:Trevor Booker,17730-15405:JaMychal Green,17730-9453:Al Horford
17730-14507:Kemba Walker,17730-9465:Raymond Felton,17730-40199:Giannis Antetokounmpo,17730-15595:Bradley Beal,17730-12366:Gordon Hayward,17730-59318:Joe Ingles,17730-9874:Kevin Love,17730-16448:Frank Kaminsky,17730-9453:Al Horford
17730-14507:Kemba Walker,17730-9465:Raymond Felton,17730-40199:Giannis Antetokounmpo,17730-15595:Bradley Beal,17730-12366:Gordon Hayward,17730-15758:Michael Kidd-Gilchrist,17730-15405:JaMychal Green,17730-12351:Derrick Favors,17730-40203:Rudy Gobert
17730-14507:Kemba Walker,17730-9465:Raymond Felton,17730-40199:Giannis Antetokounmpo,17730-15595:Bradley Beal,17730-15758:Michael Kidd-Gilchrist,17730-59318:Joe Ingles,17730-63122:Kristaps Porzingis,17730-9966:James Johnson,17730-9453:Al Horford
17730-14507:Kemba Walker,17730-9465:Raymond Felton,17730-40199:Giannis Antetokounmpo,17730-15595:Bradley Beal,17730-15758:Michael Kidd-Gilchrist,17730-59318:Joe Ingles,17730-63122:Kristaps Porzingis,17730-9579:Zach Randolph,17730-40203:Rudy Gobert
17730-14507:Kemba Walker,17730-9465:Raymond Felton,17730-40199:Giannis Antetokounmpo,17730-15595:Bradley Beal,17730-15758:Michael Kidd-Gilchrist,17730-59318:Joe Ingles,17730-42550:Jabari Parker,17730-9966:James Johnson,17730-9453:Al Horford
17730-14507:Kemba Walker,17730-9465:Raymond Felton,17730-40199:Giannis Antetokounmpo,17730-15595:Bradley Beal,17730-9508:Carmelo Anthony,17730-59318:Joe Ingles,17730-12350:Trevor Booker,17730-15405:JaMychal Green,17730-40203:Rudy Gobert
17730-12332:John Wall,17730-14507:Kemba Walker,17730-40199:Giannis Antetokounmpo,17730-17333:Will Barton,17730-15758:Michael Kidd-Gilchrist,17730-59318:Joe Ingles,17730-15405:JaMychal Green,17730-12351:Derrick Favors,17730-9453:Al Horford
17730-14507:Kemba Walker,17730-9465:Raymond Felton,17730-40199:Giannis Antetokounmpo,17730-15595:Bradley Beal,17730-12366:Gordon Hayward,17730-59318:Joe Ingles,17730-9966:James Johnson,17730-15405:JaMychal Green,17730-40203:Rudy Gobert
17730-14507:Kemba Walker,17730-9465:Raymond Felton,17730-40199:Giannis Antetokounmpo,17730-17333:Will Barton,17730-12366:Gordon Hayward,17730-59318:Joe Ingles,17730-9874:Kevin Love,17730-15405:JaMychal Green,17730-9453:Al Horford
17730-14507:Kemba Walker,17730-9465:Raymond Felton,17730-40199:Giannis Antetokounmpo,17730-9809:Nicolas Batum,17730-15758:Michael Kidd-Gilchrist,17730-59318:Joe Ingles,17730-9874:Kevin Love,17730-9481:Taj Gibson,17730-9453:Al Horford
17730-14559:Isaiah Thomas,17730-14507:Kemba Walker,17730-40199:Giannis Antetokounmpo,17730-15520:Sean Kilpatrick,17730-15758:Michael Kidd-Gilchrist,17730-59318:Joe Ingles,17730-63122:Kristaps Porzingis,17730-15405:JaMychal Green,17730-9453:Al Horford
17730-14507:Kemba Walker,17730-9465:Raymond Felton,17730-40199:Giannis Antetokounmpo,17730-15595:Bradley Beal,17730-15758:Michael Kidd-Gilchrist,17730-59318:Joe Ingles,17730-9729:Paul Millsap,17730-15405:JaMychal Green,17730-9581:Marc Gasol
17730-14507:Kemba Walker,17730-9465:Raymond Felton,17730-40199:Giannis Antetokounmpo,17730-9809:Nicolas Batum,17730-12366:Gordon Hayward,17730-59318:Joe Ingles,17730-9579:Zach Randolph,17730-15405:JaMychal Green,17730-9453:Al Horford
17730-14507:Kemba Walker,17730-9465:Raymond Felton,17730-40199:Giannis Antetokounmpo,17730-15595:Bradley Beal,17730-12366:Gordon Hayward,17730-59318:Joe Ingles,17730-9579:Zach Randolph,17730-12350:Trevor Booker,17730-9453:Al Horford
17730-14507:Kemba Walker,17730-9465:Raymond Felton,17730-40199:Giannis Antetokounmpo,17730-9655:J.J. Redick,17730-9508:Carmelo Anthony,17730-59318:Joe Ingles,17730-9729:Paul Millsap,17730-15405:JaMychal Green,17730-9453:Al Horford
17730-14507:Kemba Walker,17730-9465:Raymond Felton,17730-40199:Giannis Antetokounmpo,17730-15595:Bradley Beal,17730-9508:Carmelo Anthony,17730-59318:Joe Ingles,17730-12350:Trevor Booker,17730-12351:Derrick Favors,17730-40203:Rudy Gobert
17730-14507:Kemba Walker,17730-9465:Raymond Felton,17730-40199:Giannis Antetokounmpo,17730-15595:Bradley Beal,17730-15758:Michael Kidd-Gilchrist,17730-59318:Joe Ingles,17730-9874:Kevin Love,17730-14518:Tobias Harris,17730-9453:Al Horford
17730-14507:Kemba Walker,17730-9465:Raymond Felton,17730-40199:Giannis Antetokounmpo,17730-9809:Nicolas Batum,17730-9508:Carmelo Anthony,17730-59318:Joe Ingles,17730-15405:JaMychal Green,17730-12351:Derrick Favors,17730-40203:Rudy Gobert
17730-14507:Kemba Walker,17730-9465:Raymond Felton,17730-40199:Giannis Antetokounmpo,17730-15595:Bradley Beal,17730-12366:Gordon Hayward,17730-15758:Michael Kidd-Gilchrist,17730-9481:Taj Gibson,17730-15405:JaMychal Green,17730-9453:Al Horford
17730-14507:Kemba Walker,17730-9465:Raymond Felton,17730-40199:Giannis Antetokounmpo,17730-9655:J.J. Redick,17730-9508:Carmelo Anthony,17730-59318:Joe Ingles,17730-9874:Kevin Love,17730-15405:JaMychal Green,17730-40203:Rudy Gobert
17730-14507:Kemba Walker,17730-9465:Raymond Felton,17730-40199:Giannis Antetokounmpo,17730-15595:Bradley Beal,17730-9508:Carmelo Anthony,17730-15758:Michael Kidd-Gilchrist,17730-15405:JaMychal Green,17730-9638:David Lee,17730-9453:Al Horford
17730-14507:Kemba Walker,17730-9465:Raymond Felton,17730-40199:Giannis Antetokounmpo,17730-15595:Bradley Beal,17730-9508:Carmelo Anthony,17730-15758:Michael Kidd-Gilchrist,17730-15405:JaMychal Green,17730-9451:Marvin Williams,17730-9453:Al Horford
17730-14507:Kemba Walker,17730-9703:George Hill,17730-40199:Giannis Antetokounmpo,17730-15595:Bradley Beal,17730-9508:Carmelo Anthony,17730-59318:Joe Ingles,17730-15405:JaMychal Green,17730-12351:Derrick Favors,17730-9453:Al Horford
17730-12332:John Wall,17730-14507:Kemba Walker,17730-9809:Nicolas Batum,17730-15595:Bradley Beal,17730-9508:Carmelo Anthony,17730-59318:Joe Ingles,17730-15405:JaMychal Green,17730-12351:Derrick Favors,17730-9453:Al Horford
17730-14507:Kemba Walker,17730-9465:Raymond Felton,17730-40199:Giannis Antetokounmpo,17730-15595:Bradley Beal,17730-15758:Michael Kidd-Gilchrist,17730-23120:T.J. Warren,17730-9729:Paul Millsap,17730-15405:JaMychal Green,17730-9453:Al Horford
17730-12332:John Wall,17730-14507:Kemba Walker,17730-40199:Giannis Antetokounmpo,17730-15595:Bradley Beal,17730-59318:Joe Ingles,17730-23282:Sam Dekker,17730-12350:Trevor Booker,17730-15405:JaMychal Green,17730-9453:Al Horford
17730-14507:Kemba Walker,17730-9465:Raymond Felton,17730-40199:Giannis Antetokounmpo,17730-15595:Bradley Beal,17730-12366:Gordon Hayward,17730-59318:Joe Ingles,17730-9966:James Johnson,17730-12351:Derrick Favors,17730-40203:Rudy Gobert
17730-14507:Kemba Walker,17730-9465:Raymond Felton,17730-40199:Giannis Antetokounmpo,17730-17333:Will Barton,17730-12366:Gordon Hayward,17730-59318:Joe Ingles,17730-9874:Kevin Love,17730-12351:Derrick Favors,17730-9453:Al Horford
17730-14507:Kemba Walker,17730-9465:Raymond Felton,17730-9644:James Harden,17730-15595:Bradley Beal,17730-9508:Carmelo Anthony,17730-59318:Joe Ingles,17730-15405:JaMychal Green,17730-12351:Derrick Favors,17730-40203:Rudy Gobert
17730-14507:Kemba Walker,17730-9465:Raymond Felton,17730-40199:Giannis Antetokounmpo,17730-15595:Bradley Beal,17730-59318:Joe Ingles,17730-23282:Sam Dekker,17730-9874:Kevin Love,17730-63122:Kristaps Porzingis,17730-40203:Rudy Gobert
17730-14507:Kemba Walker,17730-9465:Raymond Felton,17730-40199:Giannis Antetokounmpo,17730-15595:Bradley Beal,17730-15758:Michael Kidd-Gilchrist,17730-23282:Sam Dekker,17730-9874:Kevin Love,17730-9966:James Johnson,17730-9453:Al Horford
17730-14507:Kemba Walker,17730-9465:Raymond Felton,17730-40199:Giannis Antetokounmpo,17730-9809:Nicolas Batum,17730-12366:Gordon Hayward,17730-59318:Joe Ingles,17730-9579:Zach Randolph,17730-12351:Derrick Favors,17730-9453:Al Horford
17730-14507:Kemba Walker,17730-9465:Raymond Felton,17730-40199:Giannis Antetokounmpo,17730-15595:Bradley Beal,17730-15758:Michael Kidd-Gilchrist,17730-23120:T.J. Warren,17730-9874:Kevin Love,17730-15405:JaMychal Green,17730-40203:Rudy Gobert
17730-14507:Kemba Walker,17730-12355:Eric Bledsoe,17730-40199:Giannis Antetokounmpo,17730-15595:Bradley Beal,17730-15758:Michael Kidd-Gilchrist,17730-59318:Joe Ingles,17730-12350:Trevor Booker,17730-15405:JaMychal Green,17730-9453:Al Horford
